DNI,Login,Password,Email,Telefono
72454396R,bschulken0,2bMIzAB32yp,lklimentyonok0@cdbaby.com,165707677
99029032W,mkyteley1,6baXWmYIGVg,fwreak1@instagram.com,453162970
66878252D,khaynesford2,fB4vUiHOOE,bstonall2@walmart.com,415965212
68378360B,tbarrand3,kuR6o4I,askett3@usnews.com,710920310
86351111L,ajiruca4,mwEDUTFJHR,djahnel4@microsoft.com,765272967
55786242A,rprozescky5,X4a3BSpPrTb2,jlaister5@mozilla.com,568609900
24559842U,imatts6,ACzMWr2aZZd,alisamore6@i2i.jp,907825557
76710793Y,sskeen7,6He9rf,mbirkwood7@omniture.com,156236704
92817119K,sdallon8,bBCT1mh5mh,srivalant8@nyu.edu,721316655
75896774W,wkerfod9,twv9E5g1k,agarioch9@un.org,545341529
84294704O,awielda,yFAau4C,fmedinaa@weebly.com,138068515
16852991C,spridieb,6J7w3hOxgWA,gbaughnb@google.pl,357606526
16168194H,bhyattc,HIvZ8ZKkI1Bz,pmazzillic@businesswire.com,258749657
71174690W,hdreusd,sesHAZcrE,tnewelld@uol.com.br,231872627
02395143M,eprivoste,L7VjVBSZ,omacdonaghe@nsw.gov.au,837979148
01096793N,evoiseyf,w5oqVRrUaRTs,tguillondf@mashable.com,971813744
29540705N,irabling,T5IvFAxj6s,bfedynskig@mit.edu,189784709
68860373L,dhessingh,eyxSwPKVICg,dandorh@wikia.com,331995582
94897853L,pbeddardi,AeHEYr5UYd,randraulti@mac.com,127994895
51186390Y,hhullandj,sxmrIJGF3wHI,jbrouj@businessweek.com,438153655
15437937C,nhaithwaitek,FUHRcSF2xIQ,ssleitk@behance.net,565885112
54400088W,rlacrouxl,9csF7B,muccelil@networkadvertising.org,882232404
81333252K,faprahamianm,fAu4eje,mklaiserm@google.co.uk,745738942
58889416I,hgoodburnn,x39e8nZZ6LsJ,rmoehlern@cloudflare.com,903916032
72396594T,imacgillreicho,BQNdmwM,lwallwoodo@technorati.com,882576156
26385022N,kyarrallp,jDpL6Ue,mseamansp@google.com.au,817002044
89471328F,plilbourneq,N4niUOTa,acastanyerq@ycombinator.com,188383054
18163606Q,drubanenkor,TWNwgTDOo,thindmoorr@noaa.gov,641541080
47020129P,gscopess,lEfBxK0,ohastewells@is.gd,577052025
81819227X,lsommerlyt,jTuiuwIF,zsisset@diigo.com,54023297
20772755S,tpocklingtonu,8wKXWWs69aqC,dmardlinu@aol.com,424241282
05484319G,mendlev,gCKeK3Foqxk4,cspringallv@soup.io,719263235
41212403K,abasilottaw,VOnPEu7KjD,rbelfordw@umn.edu,541125182
01451850Z,mseamonsx,yAgvIvy,shebdonx@reference.com,748008105
45355051A,esummerskilly,DtyRA3YSeEg,gmcmorlandy@gnu.org,649450731
17699225M,cofferz,f3UdNkpbm,gnuddez@meetup.com,58457173
62339636V,dbuske10,X55fYQZeVCLy,rquartley10@auda.org.au,265511931
47605346V,rsaffin11,p8AKSub,masson11@usnews.com,530506960
53377175F,scarverhill12,BPGPqdW4hDRP,jkemwall12@dion.ne.jp,646384798
91594812W,hharner13,7x00LQw,tcarse13@hc360.com,252374036
76647395F,cjamot14,rqUPCd,mshoulders14@devhub.com,168818129
26734642V,mdebenham15,2mPwDE,mkase15@yandex.ru,943844580
88038372J,dwillis16,oy0K1Qg3l,eheditch16@seattletimes.com,342870044
53425099N,bchallin17,sQ0aqnoO,oandrieu17@netscape.com,962009173
29709440B,sitscovitz18,xy7cS4zMT,vtripett18@wikia.com,643313771
97636603J,cgrealish19,gsdi6fX,mmenary19@baidu.com,200234177
67227781P,gmccombe1a,GzLjKu,ddibner1a@auda.org.au,915768208
62237943I,gbrightey1b,d8brBl,ldo1b@amazonaws.com,14018723
32019681I,agrisdale1c,HH4Za5q,fharlock1c@liveinternet.ru,791491929
70198416M,rmontford1d,Ejyqje3gCfE,vbroszkiewicz1d@cpanel.net,601992691
41198379N,loglessane1e,HCvKhtY6oIPO,aolyunin1e@weibo.com,688815118
83173946V,bmyhill1f,b6cPUE8,ewheatcroft1f@slideshare.net,51552078
37201509I,bhairon1g,uogdqBq,bpyett1g@dyndns.org,744686881
29545453S,bvonhindenburg1h,6JkuGT1pMOIJ,ekapiloff1h@discovery.com,318754324
19446836W,tbackshill1i,vZPj7h2Is4,aondrus1i@statcounter.com,794637441
60630309T,wlardeux1j,4NFAO3,greims1j@github.com,915171730
42882216N,aclew1k,pscy7SudJ,femma1k@mlb.com,260789178
23064172P,dcaldero1l,kT9ZJA,lcassey1l@bbc.co.uk,470084318
98835720W,tlabatie1m,G2YhugqCJ0B,ksilvester1m@ask.com,97084775
22486409Z,sstoakes1n,ZvOouzYTQ,hturton1n@wix.com,498184851
96091207U,ctutchener1o,xslwFENu,alitchfield1o@t-online.de,707330404
57360154N,rarney1p,2aSY7E6IaMYq,mduligal1p@nifty.com,834917338
44988935U,lbreward1q,sqSht25wUh,comannion1q@census.gov,825433824
51709479B,acowan1r,hyXnY9DKNH,kcuppitt1r@java.com,162191820
40275540M,amccready1s,7maKXLzHdgZC,jwagon1s@woothemes.com,102968750
75269289I,aeaglen1t,UwTQ0CmRho,komara1t@sohu.com,564339112
59973634A,lleitch1u,3RPkW05dd3,caimson1u@blinklist.com,906073744
81784149R,ogrizard1v,0l3LLz,echannon1v@prlog.org,660093685
88936619R,ffiller1w,bJRbbt,eborgne1w@photobucket.com,149811620
08661689L,araccio1x,MAN3yEK,rflear1x@cnn.com,484530317
65092224C,cdavidek1y,uO5PGjxj6,ktenman1y@privacy.gov.au,679229325
43142713J,bjaquin1z,Z8iDwq,cpratley1z@economist.com,345298941
16072729A,hmacieiczyk20,SJOwAV1PZpUK,caubrun20@mozilla.org,696404955
63632823A,lellings21,Xy9iO5qIOInp,lguisot21@who.int,286384272
35015646D,smcfetridge22,EuUvTos,eparoni22@digg.com,286708556
04052603C,pgontier23,8mS7wCweXc,lpiens23@loc.gov,64227320
14860893D,cflageul24,t7PJbMD4,dfrenchum24@ted.com,947757138
67225203C,sdare25,SDXHaMyBQ,sgopsell25@kickstarter.com,560957475
47693863N,waxup26,OkZCwaGUl,amceneny26@icq.com,271813882
66150590O,dpenner27,YUuHCKsbRlrW,csholem27@webmd.com,61867212
60398192W,lfilpi28,vLJd2P8biQ,hatthow28@hostgator.com,148211796
02801255E,lpettiford29,LsEcn2,eamner29@friendfeed.com,980862614
69192947Z,bdey2a,o3mPfWjw,csullivan2a@cargocollective.com,781693331
73112540I,ldonald2b,67IB61il,ekeelinge2b@mit.edu,789613901
17294714P,fmcgauhy2c,B2poZ1rt,mleyden2c@rakuten.co.jp,288748082
42723940O,lshiels2d,QKzCr6qr,abriat2d@instagram.com,834468014
22263987U,tdebeneditti2e,5T9dH5b,smcconnal2e@indiegogo.com,431889055
56791244K,mfenemore2f,NFvZaRRGqs,rkentish2f@phoca.cz,342971151
03301971C,nlehenmann2g,lSlBec,hbowdidge2g@amazon.de,158794304
00292590C,bhallet2h,xGV97MW,amacaughtrie2h@google.nl,135531576
00241509K,mvellender2i,3JW8xmUjMcmA,gchesterton2i@marketwatch.com,917394017
34715450C,jmcrannell2j,2f9jfPElCdNX,adomoney2j@pbs.org,417566273
25191716V,okoopman2k,wT3hAlDSSSS,ahamblin2k@bizjournals.com,672098166
35187267Z,jappleton2l,0Uu9yBDv,cbrosius2l@indiegogo.com,353946708
53838768H,agobbett2m,844SZVR,cbenam2m@dropbox.com,381063933
34536921D,cfitzgerald2n,7rJ5n37Xj,mavramov2n@prweb.com,843236117
03284481R,stregunna2o,v0gUWwLF8VM,ekivelle2o@moonfruit.com,262281420
87746132S,tnickoll2p,ppyA2TNl1,dpirdy2p@com.com,815085588
42597010B,dlukianov2q,YbXS6csIPd,afeather2q@illinois.edu,800356764
41282090S,apriscott2r,Dm6zay,abreazeall2r@amazon.de,29013525
